Compound,m/z,Intensity Threshold,RT Time (min),Window (min)
AAFVLPEFAR,563.821181,10000,11.86,2.02
AGVFSDLSNQELK,707.36942,10000,8.57,2.5
AITPQAQEELQK,721.355128,10000,4.06,1.74
AQLEPVASPAK,598.804543,10000,3.37,1.3
AQQNNVEHK,537.275126,10000,1.06,2.12
AQVTELEDELTAAEDAK,919.9517,10000,10.38,2.14
ASAAEPVGSK,461.750421,10000,1.195,2.39
ASTGFGSNTK,528.228668,5000,1.58,2.5
AVDSQILPK,488.792089,10000,4.73,1.88
AVILGPPGSGK,501.307906,10000,4.9,2.5
AVLEQEETAAASR,690.856677,10000,3.5,1.64
AVSSFPDPALYPLGSR,841.945826,10000,11.69,2.5
AVVGVVAGGGR,474.290048,10000,3.22,1.56
AWNESDLDVAYEK,773.361792,10000,7.77,2.5
DATNDQVTK,499.248242,10000,1.125,2.25
DGFVTEGELK,550.781918,10000,5.56,1.64
DLPELALDTPR,623.342674,10000,9.75,2.18
DPLVIELGQK,559.331578,10000,8.76,2.5
DWVLNEFK,528.776439,10000,10.55,2.5
EAVLIDPVLETAPR,764.93747,10000,11.32,2.5
EDPLLTPVPASENPFR,894.467123,10000,11.81,2.5
EEGGENLDQAR,612.283345,10000,1.43,2.5
EELLFGGK,449.752432,10000,6.21,1.4
EFSPFGSITSAK,638.8294,10000,9.43,2.08
EGEAVVLPEVEPGLTAR,886.48023,10000,10.73,2.5
ELESQISELQEDLESER,1060.472343,10000,12.24,2.5
ELGYVEAK,457.74989,10000,3.07,1.82
ELPGLQVLDLSGNPK,793.448202,10000,12.63,2.02
EPSEVPTPK,495.265904,10000,2.46,2.4
EQLAPLEK,467.270989,10000,3.78,1.58
EVPAVPETLK,544.818303,10000,6.03,1.28
FGDQLLQIDGR,634.340466,10000,9.11,2.5
FLDASGAK,407.723675,10000,2.42,2.48
FLDGIYVSEK,588.815761,10000,8.47,2.5
GAEILADTFK,535.794828,10000,7.74,2.48
GAFFPLTER,522.284431,10000,9.305,2.05
GDLETLQPGDDVEFTIK,941.972435,10000,11.14,2.5
GDLLFLTNFR,601.337195,10000,13.15,2.5
GGQLQPGYPALASR,710.885572,10000,6.2,1.44
GGSPLAAPQGGSPTK,705.839645,10000,2.77,2
GLGPPSPPAPPR,614.812702,10000,5.94,1.34
GLSSDLEGEK,520.763725,10000,3.31,1.4
GPSAAFAPAAAEPK,645.842841,10000,4.79,2.46
GTNEALLR,440.253131,10000,2.94,2.32
GVVAEFDSPANLIAAR,818.443451,10000,11.71,2.5
HEGLGAFYK,514.268781,10000,4.74,1.88
HFSPEEIAVK,581.813552,10000,5.43,1.66
HLSPDGQYVPR,637.832808,10000,3.71,1.7
HLVYESDQNK,619.808998,10000,1.67,2.5
HQVEALK,415.744942,10000,1.37,2.5
IAYSNDGK,437.224039,10000,1.225,2.45
IDDLFSGK,450.742065,10000,5.69,1.58
ILLNPQDK,473.786806,10000,4.14,1.6
ILNPLLDR,480.302624,10000,8.44,2.5
IPDGVVSVSPK,552.323753,10000,5.37,1.32
ISSPTETER,553.247058,10000,1.55,2.5
ITGLDPVEASFESTPEEVR,1041.520281,10000,10.89,2.5
IVEANPLLEAFGNAK,796.442919,10000,12.75,2.5
IYLYTLNDNAR,681.361398,10000,8.19,2.5
LAEPSQLLK,502.807739,10000,6.585,1.41
LALQYVPEPVPGK,708.913267,10000,9.29,2
LDDFDELSEVAQK,757.86945,10000,8.97,2.5
LFEGNALLR,519.80553,10000,8.26,2.5
LGFEDGSVLK,535.794828,10000,7.56,2.5
LGSIAIQGAIEK,603.363409,10000,7.46,2.5
LLALGDSGVGK,518.310646,10000,6.32,1.5
LLSATGESEK,520.781918,10000,2.04,2.5
LQASISAFR,499.78988,10000,6.36,1.5
LQDTYNLDTDTISK,816.906564,10000,6.44,1.5
LQEIDIFNNQLK,740.908712,10000,11.21,2.5
LQNLQLQPGNAK,665.382665,10000,4.93,1.88
LTFDSSFSPNTGK,703.848321,10000,7.47,2.5
LVVVGADGVGK,510.313188,10000,5.07,1.72
LWTNGPIADK,560.80827,10000,5.8,1.6
NFEIAFK,437.741868,10000,8.35,2.5
NGSPAGGDAK,480.199911,10000,1.035,2.07
NLDENGLDLLSK,668.856146,10000,9.28,2.5
NLPATDPLQR,565.816626,10000,5.44,1.28
NNEEYLALIFEK,744.887446,10000,12.94,2.26
NPEPNIK,409.229124,10000,1.69,2.5
NQEQLAAELAEFTAK,834.930373,10000,11.93,1.94
SAGQGEVLVYVEDPAGHQEEAK,1200.046541,10000,8.83,2.5
SASLGSQQLLGLPR,756.897495,10000,10.2,1.56
SEVPAIDLAR,538.805727,10000,7.11,1.82
SFSLPADPILQAAK,772.396796,10000,12.53,2.14
SFYDLSAISLDGEK,775.887643,10000,11.75,2.5
SGYITIGYR,518.281888,10000,6.32,1.5
SNVDFVK,407.723675,5000,2.45,2.42
SQLSEFWK,515.768614,5000,8.48,2.5
STTLDAGNIK,513.282085,10000,3.13,1.72
SVFILGASGETGR,650.353573,10000,8.15,2.5
SWPSAPDDSK,548.256067,10000,3.46,1.14
TAFTDLPEQVPESISNQK,1005.509716,10000,9.87,2.16
TEPVPDQDELDQLSK,860.422578,10000,7.45,2.48
TFLPGAGNEVLELR,761.421987,10000,11.81,1.92
TGILQEAK,433.257882,10000,2.91,2.38
THINAVVAK,479.792423,10000,2.09,2.5
TITPPEPEPTGAPQK,784.916735,10000,4.75,1.9
TLDNDILLIK,582.35251,10000,10.54,2.14
TLPGWNTDISNAR,725.872661,10000,7.93,2.5
TLVVHEK,416.255142,10000,1.51,2.5
TQFEDLVPSPTSEK,832.38154,10000,8.28,2.5
TQNVLGEK,447.752964,10000,1.92,2.5
TSFPEDTVITYK,703.860897,10000,8.02,2.5
TSIVQAAAGGVPGGGSNNGK,914.438244,10000,5.23,1.76
TVIEINTPK,510.805196,10000,5.42,1.66
TYVGVVDGENELASPK,842.430206,10000,7.11,2.32
VAFSVAR,378.228927,10000,3.96,1.46
VALDLATAR,468.284431,10000,5.83,1.64
VATGQELSNNILDTVFK,927.998787,10000,13.43,2.5
VEDIIEAINTFPYR,843.445659,10000,13.39,2.5
VESLQEEIAFLK,706.392364,10000,12.13,2.5
VFTDVPSNCR,600.792294,5000,4.69,1.56
VHISGSVDGLDK,656.815639,10000,4.97,1.86
VHVTVDLK,458.781524,10000,4.52,1.48
VLNSYWVGEDSTYK,833.906367,10000,8.14,2.5
VNDEIIIK,475.286639,10000,5.21,1.72
VPDTDEISFLK,635.337057,10000,9.32,2.06
VPFPSIQAVK,546.331381,10000,9,2.5
VTAGISFAIPSDK,656.366149,10000,9.59,2.5
VVDDEDLVDQR,654.822303,10000,4.36,1.34
VVLIGESGVGK,532.326296,10000,5.86,1.64
WSQTAFPK,485.758049,10000,5,1.76
YDEEFQR,496.724403,10000,2.32,2.48
YGFLLPESQIR,664.868859,10000,11.21,2.5
YIATDFTLK,539.299747,10000,8.07,2.5
YQAVTATLEEK,629.834682,10000,4.67,1.4
YQEVTNNLEFAK,731.36942,10000,6.55,1.32
YVQELQK,457.257882,10000,1.95,2.5
EVFDTYLVPISISYDK,947.992639,10000,13.61,2.5
LEGWQGNPPPIYVGSSPTLK,1073.567368,10000,11.51,2.5
ITSEAEDLVANFFPK,843.937667,5000,13.95,2.5
LTDIHGNVLQYHK,772.419779,5000,5.09,1.88
EPEVLLENR,552.8032,10000,5.13,1.58
SLLEGQEDHYNNLSASK,995.9461,10000,5.59,1.28
VDYESQSTDTQNFSSESK,1069.4307,10000,4.05,1.68
